Workbook

Sheet Sheet3
A3: Row Labels | B3: Sum of Sales
A4: Creatine | B4: 8400
A5: Mass Gainer | B5: 8000
A6: Pre-Workout | B6: 9000
A7: Whey Protein | B7: 7500
A8: Grand Total | B8: 32900

Sheet Sheet1
A1: OrderID | B1: Customer | C1: ProductID | D1: Quantity | E1: Date | F1: Product Name | G1: Product Price | H1: Sales | I1: Product Category
A2: 1001 | B2: John | C2: P001 | D2: 2 | E2: 45928 | F2: =VLOOKUP(C2,ProductList!A:C,2,FALSE) -> Whey Protein | G2: =VLOOKUP(C2,ProductList!A:C,3,FALSE) -> 1500 | H2: =D2*G2 -> 3000 | I2: =VLOOKUP(C2,ProductList!A:D,4,FALSE) -> Protein Powder
A3: 1002 | B3: Anna | C3: P002 | D3: 1 | E3: 45928 | F3: =VLOOKUP(C3,ProductList!A:C,2,FALSE) -> Creatine | G3: =VLOOKUP(C3,ProductList!A:C,3,FALSE) -> 1200 | H3: =D3*G3 -> 1200 | I3: =VLOOKUP(C3,ProductList!A:D,4,FALSE) -> Supplement
A4: 1003 | B4: Sarah | C4: P003 | D4: 3 | E4: 45929 | F4: =VLOOKUP(C4,ProductList!A:C,2,FALSE) -> Mass Gainer | G4: =VLOOKUP(C4,ProductList!A:C,3,FALSE) -> 2000 | H4: =D4*G4 -> 6000 | I4: =VLOOKUP(C4,ProductList!A:D,4,FALSE) -> Weight Gain
A5: 1004 | B5: Mike | C5: P004 | D5: 2 | E5: 45929 | F5: =VLOOKUP(C5,ProductList!A:C,2,FALSE) -> Pre-Workout | G5: =VLOOKUP(C5,ProductList!A:C,3,FALSE) -> 1800 | H5: =D5*G5 -> 3600 | I5: =VLOOKUP(C5,ProductList!A:D,4,FALSE) -> Energy Booster
A6: 1005 | B6: John | C6: P002 | D6: 2 | E6: 45930 | F6: =VLOOKUP(C6,ProductList!A:C,2,FALSE) -> Creatine | G6: =VLOOKUP(C6,ProductList!A:C,3,FALSE) -> 1200 | H6: =D6*G6 -> 2400 | I6: =VLOOKUP(C6,ProductList!A:D,4,FALSE) -> Supplement
A7: 1006 | B7: Anna | C7: P001 | D7: 1 | E7: 45930 | F7: =VLOOKUP(C7,ProductList!A:C,2,FALSE) -> Whey Protein | G7: =VLOOKUP(C7,ProductList!A:C,3,FALSE) -> 1500 | H7: =D7*G7 -> 1500 | I7: =VLOOKUP(C7,ProductList!A:D,4,FALSE) -> Protein Powder
A8: 1007 | B8: Sarah | C8: P002 | D8: 4 | E8: 45931 | F8: =VLOOKUP(C8,ProductList!A:C,2,FALSE) -> Creatine | G8: =VLOOKUP(C8,ProductList!A:C,3,FALSE) -> 1200 | H8: =D8*G8 -> 4800 | I8: =VLOOKUP(C8,ProductList!A:D,4,FALSE) -> Supplement
A9: 1008 | B9: Mike | C9: P003 | D9: 1 | E9: 45931 | F9: =VLOOKUP(C9,ProductList!A:C,2,FALSE) -> Mass Gainer | G9: =VLOOKUP(C9,ProductList!A:C,3,FALSE) -> 2000 | H9: =D9*G9 -> 2000 | I9: =VLOOKUP(C9,ProductList!A:D,4,FALSE) -> Weight Gain
A10: 1009 | B10: John | C10: P004 | D10: 3 | E10: 45932 | F10: =VLOOKUP(C10,ProductList!A:C,2,FALSE) -> Pre-Workout | G10: =VLOOKUP(C10,ProductList!A:C,3,FALSE) -> 1800 | H10: =D10*G10 -> 5400 | I10: =VLOOKUP(C10,ProductList!A:D,4,FALSE) -> Energy Booster
A11: 1010 | B11: Sarah | C11: P001 | D11: 2 | E11: 45932 | F11: =VLOOKUP(C11,ProductList!A:C,2,FALSE) -> Whey Protein | G11: =VLOOKUP(C11,ProductList!A:C,3,FALSE) -> 1500 | H11: =D11*G11 -> 3000 | I11: =VLOOKUP(C11,ProductList!A:D,4,FALSE) -> Protein Powder
D23: Sum Of All Whey | E23: Sum of All Creatine
D24: =SUMIFS(H:H,F:F,"Whey Protein") -> 7500 | E24: =SUMIFS(H:H,F:F,"Creatine") -> 8400

Sheet ProductList
A1: ProductID | B1: ProductName | C1: Price | D1: Category
A2: P001 | B2: Whey Protein | C2: 1500 | D2: Protein Powder
A3: P002 | B3: Creatine | C3: 1200 | D3: Supplement
A4: P003 | B4: Mass Gainer | C4: 2000 | D4: Weight Gain
A5: P004 | B5: Pre-Workout | C5: 1800 | D5: Energy Booster
