Workbook

Sheet Products
A1: Product ID | B1: Product Name | C1: Category | D1: Unit Price | E1: Cost
A2: P001 | B2: Whey Protein | C2: Supplements | D2: 500 | E2: 300
A3: P002 | B3: Creatine | C3: Supplements | D3: 450 | E3: 250
A4: P003 | B4: Mass Gainer | C4: Supplements | D4: 900 | E4: 600
A5: P004 | B5: Preworkout | C5: Supplements | D5: 750 | E5: 400
A6: P005 | B6: Shaker Bottle | C6: Accessories | D6: 150 | E6: 80
A7: P006 | B7: Gym Gloves | C7: Accessories | D7: 200 | E7: 100
A8: P007 | B8: Protein Bar | C8: Food | D8: 120 | E8: 70
A9: P008 | B9: Multivitamins | C9: Supplements | D9: 650 | E9: 400

Sheet Sheet5
A3: Row Labels | B3: Sum of Total Sales
A4: East | B4: 11010
A5: Creatine | B5: 4050
A6: Protein Bar | B6: 960
A7: Whey Protein | B7: 6000
A8: North | B8: 15450
A9: Creatine | B9: 3600
A10: Mass Gainer | B10: 3600
A11: Multivitamins | B11: 3250
A12: Whey Protein | B12: 5000
A13: South | B13: 9500
A14: Gym Gloves | B14: 2000
A15: Mass Gainer | B15: 4500
... A20: Grand Total | B20: 43460

Sheet DashBoard

Sheet Sales
A1: Sale ID | B1: Date | C1: Region | D1: Salesperson | E1: Product ID | F1: Quantity | G1: Customer Type | H1: Product ID | I1: Proper Sale ID | J1: Unit Price | K1: Total Sales | L1: Performance | M1: Category
A2: s001 | B2: 45658 | C2: North | D2: Alex | E2: P001 | F2: 10 | G2: New | H2: =VLOOKUP(E2,Products!A:D,2,FALSE) -> Whey Protein | I2: =PROPER(A2) -> S001 | J2: =VLOOKUP(E2,Products!A:D,4,FALSE) -> 500 | K2: =F2*J2 -> 5000 | L2: =IF(F2>10,"High","Low") -> Low | M2: =VLOOKUP(E2,Products!A:E,3,FALSE) -> Supplements
A3: s002 | B3: 45659 | C3: North | D3: Ben | E3: P002 | F3: 8 | G3: Returning | H3: =VLOOKUP(E3,Products!A:D,2,FALSE) -> Creatine | I3: =PROPER(A3) -> S002 | J3: =VLOOKUP(E3,Products!A:D,4,FALSE) -> 450 | K3: =F3*J3 -> 3600 | L3: =IF(F3>10,"High","Low") -> Low | M3: =VLOOKUP(E3,Products!A:E,3,FALSE) -> Supplements
A4: s003 | B4: 45660 | C4: South | D4: Cara | E4: P003 | F4: 5 | G4: New | H4: =VLOOKUP(E4,Products!A:D,2,FALSE) -> Mass Gainer | I4: =PROPER(A4) -> S003 | J4: =VLOOKUP(E4,Products!A:D,4,FALSE) -> 900 | K4: =F4*J4 -> 4500 | L4: =IF(F4>10,"High","Low") -> Low | M4: =VLOOKUP(E4,Products!A:E,3,FALSE) -> Supplements
A5: s004 | B5: 45661 | C5: East | D5: Dana | E5: P001 | F5: 12 | G5: Returning | H5: =VLOOKUP(E5,Products!A:D,2,FALSE) -> Whey Protein | I5: =PROPER(A5) -> S004 | J5: =VLOOKUP(E5,Products!A:D,4,FALSE) -> 500 | K5: =F5*J5 -> 6000 | L5: =IF(F5>10,"High","Low") -> High | M5: =VLOOKUP(E5,Products!A:E,3,FALSE) -> Supplements
A6: s005 | B6: 45662 | C6: West | D6: Evan | E6: P004 | F6: 7 | G6: New | H6: =VLOOKUP(E6,Products!A:D,2,FALSE) -> Preworkout | I6: =PROPER(A6) -> S005 | J6: =VLOOKUP(E6,Products!A:D,4,FALSE) -> 750 | K6: =F6*J6 -> 5250 | L6: =IF(F6>10,"High","Low") -> Low | M6: =VLOOKUP(E6,Products!A:E,3,FALSE) -> Supplements
A7: s006 | B7: 45663 | C7: South | D7: Cara | E7: P001 | F7: 6 | G7: Returning | H7: =VLOOKUP(E7,Products!A:D,2,FALSE) -> Whey Protein | I7: =PROPER(A7) -> S006 | J7: =VLOOKUP(E7,Products!A:D,4,FALSE) -> 500 | K7: =F7*J7 -> 3000 | L7: =IF(F7>10,"High","Low") -> Low | M7: =VLOOKUP(E7,Products!A:E,3,FALSE) -> Supplements
A8: s007 | B8: 45664 | C8: East | D8: Dana | E8: P002 | F8: 9 | G8: Returning | H8: =VLOOKUP(E8,Products!A:D,2,FALSE) -> Creatine | I8: =PROPER(A8) -> S007 | J8: =VLOOKUP(E8,Products!A:D,4,FALSE) -> 450 | K8: =F8*J8 -> 4050 | L8: =IF(F8>10,"High","Low") -> Low | M8: =VLOOKUP(E8,Products!A:E,3,FALSE) -> Supplements
A9: s008 | B9: 45665 | C9: North | D9: Ben | E9: P003 | F9: 4 | G9: New | H9: =VLOOKUP(E9,Products!A:D,2,FALSE) -> Mass Gainer | I9: =PROPER(A9) -> S008 | J9: =VLOOKUP(E9,Products!A:D,4,FALSE) -> 900 | K9: =F9*J9 -> 3600 | L9: =IF(F9>10,"High","Low") -> Low | M9: =VLOOKUP(E9,Products!A:E,3,FALSE) -> Supplements
A10: s009 | B10: 45666 | C10: West | D10: Evan | E10: P005 | F10: 15 | G10: New | H10: =VLOOKUP(E10,Products!A:D,2,FALSE) -> Shaker Bottle | I10: =PROPER(A10) -> S009 | J10: =VLOOKUP(E10,Products!A:D,4,FALSE) -> 150 | K10: =F10*J10 -> 2250 | L10: =IF(F10>10,"High","Low") -> High | M10: =VLOOKUP(E10,Products!A:E,3,FALSE) -> Accessories
A11: s010 | B11: 45667 | C11: South | D11: Cara | E11: P006 | F11: 10 | G11: Returning | H11: =VLOOKUP(E11,Products!A:D,2,FALSE) -> Gym Gloves | I11: =PROPER(A11) -> S010 | J11: =VLOOKUP(E11,Products!A:D,4,FALSE) -> 200 | K11: =F11*J11 -> 2000 | L11: =IF(F11>10,"High","Low") -> Low | M11: =VLOOKUP(E11,Products!A:E,3,FALSE) -> Accessories
A12: s011 | B12: 45668 | C12: North | D12: Alex | E12: P008 | F12: 5 | G12: New | H12: =VLOOKUP(E12,Products!A:D,2,FALSE) -> Multivitamins | I12: =PROPER(A12) -> S011 | J12: =VLOOKUP(E12,Products!A:D,4,FALSE) -> 650 | K12: =F12*J12 -> 3250 | L12: =IF(F12>10,"High","Low") -> Low | M12: =VLOOKUP(E12,Products!A:E,3,FALSE) -> Supplements
A13: s012 | B13: 45669 | C13: East | D13: Dana | E13: P007 | F13: 8 | G13: Returning | H13: =VLOOKUP(E13,Products!A:D,2,FALSE) -> Protein Bar | I13: =PROPER(A13) -> S012 | J13: =VLOOKUP(E13,Products!A:D,4,FALSE) -> 120 | K13: =F13*J13 -> 960 | L13: =IF(F13>10,"High","Low") -> Low | M13: =VLOOKUP(E13,Products!A:E,3,FALSE) -> Food

Sheet Sheet7
A1: Row Labels | B1: Sum of Total Sales by Region
A2: East | B2: 11010
A3: North | B3: 15450
A4: South | B4: 9500
A5: West | B5: 7500
A6: Grand Total | B6: 43460

Sheet Summary
A1: Region | B1: Total Sales by Region | E1: Returning Sales | H1: Sales By Category
A2: North | B2: =SUMIFS(Sales!K:K, Sales!C:C,A2) -> 15450 | D2: New | E2: =SUMIFS(Sales!K:K, Sales!G:G,D2) -> 23850 | G2: Food | H2: =SUMIFS(Sales!K:K, Sales!M:M,G2) -> 960
A3: South | B3: =SUMIFS(Sales!K:K, Sales!C:C,A3) -> 9500 | D3: Returning | E3: =SUMIFS(Sales!K:K, Sales!G:G,D3) -> 19610 | G3: SupplementS | H3: =SUMIFS(Sales!K:K, Sales!M:M,G3) -> 38250
A4: West | B4: =SUMIFS(Sales!K:K, Sales!C:C,A4) -> 7500 | G4: Accessories | H4: =SUMIFS(Sales!K:K, Sales!M:M,G4) -> 4250
A5: East | B5: =SUMIFS(Sales!K:K, Sales!C:C,A5) -> 11010
